id;title/en;title/es;body/ca;body/en;body/machine_translations/es;created_at;updated_at;participatory_space/id;participatory_space/url;component/id;url;body
1;Page;Página;<p>Corrupti unde dicta. Nihil accusantium est. Sit sed excepturi.</p>;<p>Reprehenderit fuga suscipit. Assumenda neque iure. Enim sit numquam.</p>;<p>Ea culpa ipsam. Provident ut sunt. Possimus exercitationem sit.</p>;2025-01-29 11:08:55 UTC;2025-01-29 11:08:55 UTC;1;https://nightly.decidim.org/processes/premium-horizon;6;https://nightly.decidim.org/processes/premium-horizon/f/6/pages/1;
2;Page;Página;<p>Eius quis quidem. Qui minus aut. Nulla doloremque aperiam.</p>;<p>Aliquid aut est. Autem culpa nobis. Officia dignissimos ut.</p>;<p>Ad ipsum in. Velit vero perferendis. Et qui ut.</p>;2025-01-29 11:10:45 UTC;2025-01-29 11:10:45 UTC;2;https://nightly.decidim.org/processes/stuff-midnight;15;https://nightly.decidim.org/processes/stuff-midnight/f/15/pages/2;
3;Page;Página;<p>Expedita cupiditate commodi. Necessitatibus quos saepe. Fugiat nesciunt libero.</p>;<p>Qui mollitia qui. Sed in consequatur. Aliquam vel nam.</p>;<p>Pariatur dolor voluptas. Fugiat vero nulla. Quam atque vel.</p>;2025-01-29 11:12:10 UTC;2025-01-29 11:12:10 UTC;1;https://nightly.decidim.org/assemblies/compete-scale;24;https://nightly.decidim.org/assemblies/compete-scale/f/24/pages/3;
4;Page;Página;<p>Dolor et sed. Illo occaecati qui. Sed excepturi maxime.</p>;<p>Quia et aspernatur. Perferendis nulla sed. Doloribus magnam qui.</p>;<p>Est voluptatem explicabo. Ab magnam voluptas. Est fugit nihil.</p>;2025-01-29 11:14:03 UTC;2025-01-29 11:14:03 UTC;2;https://nightly.decidim.org/assemblies/nursery-thirsty;33;https://nightly.decidim.org/assemblies/nursery-thirsty/f/33/pages/4;
5;Page;Página;<p>Voluptatem dolor aut. Voluptates nulla et. Et laudantium sunt.</p>;<p>Non aut dignissimos. Nostrum consequatur et. Quibusdam ut voluptas.</p>;<p>Non debitis ipsam. Nobis unde reprehenderit. Magni similique aut.</p>;2025-01-29 11:15:38 UTC;2025-01-29 11:15:38 UTC;3;https://nightly.decidim.org/assemblies/rung-academy;42;https://nightly.decidim.org/assemblies/rung-academy/f/42/pages/5;
6;Page;Página;<p>Inventore sit distinctio. Voluptatibus aut est. Optio omnis ipsa.</p>;<p>Quasi tempora optio. Id sit accusantium. Dignissimos quis est.</p>;<p>Sed qui rerum. In assumenda amet. Amet nostrum consectetur.</p>;2025-01-29 11:17:32 UTC;2025-01-29 11:17:32 UTC;4;https://nightly.decidim.org/assemblies/cruelty-rung;51;https://nightly.decidim.org/assemblies/cruelty-rung/f/51/pages/6;
7;Page;Página;<p>Qui autem aut. Consequatur nulla rerum. Iure totam mollitia.</p>;<p>Ducimus accusantium nihil. Voluptate placeat dolor. Ex minus harum.</p>;<p>Velit numquam architecto. Maxime iusto quia. Expedita aut non.</p>;2025-01-29 11:19:37 UTC;2025-01-29 11:19:37 UTC;1;https://nightly.decidim.org/conferences/rung-smile;60;https://nightly.decidim.org/conferences/rung-smile/f/60/pages/7;
8;Page;Página;<p>Sed vero tempora. Sit voluptates incidunt. Beatae excepturi officia.</p>;<p>At eligendi porro. Necessitatibus nesciunt in. Pariatur dolores a.</p>;<p>Animi fugit in. Laudantium qui ut. Voluptatem corrupti eos.</p>;2025-01-29 11:21:33 UTC;2025-01-29 11:21:33 UTC;2;https://nightly.decidim.org/conferences/turkey-defend;69;https://nightly.decidim.org/conferences/turkey-defend/f/69/pages/8;
13;Page;Página;;;;2025-01-29 11:22:03 UTC;2025-01-29 11:22:03 UTC;5;https://nightly.decidim.org/initiatives/i-5;81;https://nightly.decidim.org/initiatives/i-5/f/81/pages/13;
14;Page;Página;;;;2025-01-29 11:22:06 UTC;2025-01-29 11:22:06 UTC;6;https://nightly.decidim.org/initiatives/i-6;83;https://nightly.decidim.org/initiatives/i-6/f/83/pages/14;
